[{"model": "contenttypes.contenttype", "pk": 1, "fields": {"app_label": "admin", "model": "logentry"}}, {"model": "contenttypes.contenttype", "pk": 2, "fields": {"app_label": "auth", "model": "permission"}}, {"model": "contenttypes.contenttype", "pk": 3, "fields": {"app_label": "auth", "model": "group"}}, {"model": "contenttypes.contenttype", "pk": 4, "fields": {"app_label": "auth", "model": "user"}}, {"model": "contenttypes.contenttype", "pk": 5, "fields": {"app_label": "contenttypes", "model": "contenttype"}}, {"model": "contenttypes.contenttype", "pk": 6, "fields": {"app_label": "sessions", "model": "session"}}, {"model": "contenttypes.contenttype", "pk": 7, "fields": {"app_label": "blog", "model": "blogtype"}}, {"model": "contenttypes.contenttype", "pk": 8, "fields": {"app_label": "blog", "model": "blog"}}, {"model": "contenttypes.contenttype", "pk": 9, "fields": {"app_label": "blog", "model": "readnum"}}, {"model": "contenttypes.contenttype", "pk": 10, "fields": {"app_label": "read_statistics", "model": "readnum"}}, {"model": "sessions.session", "pk": "5t0f48o2viq46qkh4efloludqizt2hx4", "fields": {"session_data": "NGEyNzY3MWMwYTA1ZTQ0MTk4OGY2NWQ5YjRjNTY4OGJlOWI2NGQzMTp7Il9hdXRoX3VzZXJfaWQiOiIxIiwiX2F1dGhfdXNlcl9iYWNrZW5kIjoiZGphbmdvLmNvbnRyaWIuYXV0aC5iYWNrZW5kcy5Nb2RlbEJhY2tlbmQiLCJfYXV0aF91c2VyX2hhc2giOiJiY2VjMjRlMTQ2ZjQ4ZmYxYmM0NWM1NWU0MjEzMWRkYzFkOGE1NmI3In0=", "expire_date": "2019-05-06T07:15:55.014Z"}}, {"model": "sessions.session", "pk": "jeh468w681tahbbtf5hw1xwjootrqipt", "fields": {"session_data": "NGEyNzY3MWMwYTA1ZTQ0MTk4OGY2NWQ5YjRjNTY4OGJlOWI2NGQzMTp7Il9hdXRoX3VzZXJfaWQiOiIxIiwiX2F1dGhfdXNlcl9iYWNrZW5kIjoiZGphbmdvLmNvbnRyaWIuYXV0aC5iYWNrZW5kcy5Nb2RlbEJhY2tlbmQiLCJfYXV0aF91c2VyX2hhc2giOiJiY2VjMjRlMTQ2ZjQ4ZmYxYmM0NWM1NWU0MjEzMWRkYzFkOGE1NmI3In0=", "expire_date": "2019-05-06T08:22:30.228Z"}}, {"model": "sessions.session", "pk": "qcsvf132o355w8fn6n3tpecttxdo0oyd", "fields": {"session_data": "NGEyNzY3MWMwYTA1ZTQ0MTk4OGY2NWQ5YjRjNTY4OGJlOWI2NGQzMTp7Il9hdXRoX3VzZXJfaWQiOiIxIiwiX2F1dGhfdXNlcl9iYWNrZW5kIjoiZGphbmdvLmNvbnRyaWIuYXV0aC5iYWNrZW5kcy5Nb2RlbEJhY2tlbmQiLCJfYXV0aF91c2VyX2hhc2giOiJiY2VjMjRlMTQ2ZjQ4ZmYxYmM0NWM1NWU0MjEzMWRkYzFkOGE1NmI3In0=", "expire_date": "2019-05-15T03:32:37.789Z"}}, {"model": "blog.blogtype", "pk": 1, "fields": {"type_name": "Django"}}, {"model": "blog.blogtype", "pk": 2, "fields": {"type_name": "Java\u5e76\u53d1"}}, {"model": "blog.blogtype", "pk": 3, "fields": {"type_name": "\u968f\u7b14"}}, {"model": "read_statistics.readnum", "pk": 1, "fields": {"read_num": 1, "content_type": 8, "object_id": 36}}, {"model": "read_statistics.readnum", "pk": 2, "fields": {"read_num": 2, "content_type": 8, "object_id": 35}}, {"model": "read_statistics.readnum", "pk": 3, "fields": {"read_num": 2, "content_type": 8, "object_id": 5}}, {"model": "read_statistics.readnum", "pk": 4, "fields": {"read_num": 2, "content_type": 8, "object_id": 37}}, {"model": "read_statistics.readnum", "pk": 5, "fields": {"read_num": 1, "content_type": 8, "object_id": 34}}, {"model": "auth.permission", "pk": 1, "fields": {"name": "Can add log entry", "content_type": 1, "codename": "add_logentry"}}, {"model": "auth.permission", "pk": 2, "fields": {"name": "Can change log entry", "content_type": 1, "codename": "change_logentry"}}, {"model": "auth.permission", "pk": 3, "fields": {"name": "Can delete log entry", "content_type": 1, "codename": "delete_logentry"}}, {"model": "auth.permission", "pk": 4, "fields": {"name": "Can view log entry", "content_type": 1, "codename": "view_logentry"}}, {"model": "auth.permission", "pk": 5, "fields": {"name": "Can add permission", "content_type": 2, "codename": "add_permission"}}, {"model": "auth.permission", "pk": 6, "fields": {"name": "Can change permission", "content_type": 2, "codename": "change_permission"}}, {"model": "auth.permission", "pk": 7, "fields": {"name": "Can delete permission", "content_type": 2, "codename": "delete_permission"}}, {"model": "auth.permission", "pk": 8, "fields": {"name": "Can view permission", "content_type": 2, "codename": "view_permission"}}, {"model": "auth.permission", "pk": 9, "fields": {"name": "Can add group", "content_type": 3, "codename": "add_group"}}, {"model": "auth.permission", "pk": 10, "fields": {"name": "Can change group", "content_type": 3, "codename": "change_group"}}, {"model": "auth.permission", "pk": 11, "fields": {"name": "Can delete group", "content_type": 3, "codename": "delete_group"}}, {"model": "auth.permission", "pk": 12, "fields": {"name": "Can view group", "content_type": 3, "codename": "view_group"}}, {"model": "auth.permission", "pk": 13, "fields": {"name": "Can add user", "content_type": 4, "codename": "add_user"}}, {"model": "auth.permission", "pk": 14, "fields": {"name": "Can change user", "content_type": 4, "codename": "change_user"}}, {"model": "auth.permission", "pk": 15, "fields": {"name": "Can delete user", "content_type": 4, "codename": "delete_user"}}, {"model": "auth.permission", "pk": 16, "fields": {"name": "Can view user", "content_type": 4, "codename": "view_user"}}, {"model": "auth.permission", "pk": 17, "fields": {"name": "Can add content type", "content_type": 5, "codename": "add_contenttype"}}, {"model": "auth.permission", "pk": 18, "fields": {"name": "Can change content type", "content_type": 5, "codename": "change_contenttype"}}, {"model": "auth.permission", "pk": 19, "fields": {"name": "Can delete content type", "content_type": 5, "codename": "delete_contenttype"}}, {"model": "auth.permission", "pk": 20, "fields": {"name": "Can view content type", "content_type": 5, "codename": "view_contenttype"}}, {"model": "auth.permission", "pk": 21, "fields": {"name": "Can add session", "content_type": 6, "codename": "add_session"}}, {"model": "auth.permission", "pk": 22, "fields": {"name": "Can change session", "content_type": 6, "codename": "change_session"}}, {"model": "auth.permission", "pk": 23, "fields": {"name": "Can delete session", "content_type": 6, "codename": "delete_session"}}, {"model": "auth.permission", "pk": 24, "fields": {"name": "Can view session", "content_type": 6, "codename": "view_session"}}, {"model": "auth.permission", "pk": 25, "fields": {"name": "Can add blog type", "content_type": 7, "codename": "add_blogtype"}}, {"model": "auth.permission", "pk": 26, "fields": {"name": "Can change blog type", "content_type": 7, "codename": "change_blogtype"}}, {"model": "auth.permission", "pk": 27, "fields": {"name": "Can delete blog type", "content_type": 7, "codename": "delete_blogtype"}}, {"model": "auth.permission", "pk": 28, "fields": {"name": "Can view blog type", "content_type": 7, "codename": "view_blogtype"}}, {"model": "auth.permission", "pk": 29, "fields": {"name": "Can add blog", "content_type": 8, "codename": "add_blog"}}, {"model": "auth.permission", "pk": 30, "fields": {"name": "Can change blog", "content_type": 8, "codename": "change_blog"}}, {"model": "auth.permission", "pk": 31, "fields": {"name": "Can delete blog", "content_type": 8, "codename": "delete_blog"}}, {"model": "auth.permission", "pk": 32, "fields": {"name": "Can view blog", "content_type": 8, "codename": "view_blog"}}, {"model": "auth.permission", "pk": 33, "fields": {"name": "Can add read num", "content_type": 9, "codename": "add_readnum"}}, {"model": "auth.permission", "pk": 34, "fields": {"name": "Can change read num", "content_type": 9, "codename": "change_readnum"}}, {"model": "auth.permission", "pk": 35, "fields": {"name": "Can delete read num", "content_type": 9, "codename": "delete_readnum"}}, {"model": "auth.permission", "pk": 36, "fields": {"name": "Can view read num", "content_type": 9, "codename": "view_readnum"}}, {"model": "auth.permission", "pk": 37, "fields": {"name": "Can add read num", "content_type": 10, "codename": "add_readnum"}}, {"model": "auth.permission", "pk": 38, "fields": {"name": "Can change read num", "content_type": 10, "codename": "change_readnum"}}, {"model": "auth.permission", "pk": 39, "fields": {"name": "Can delete read num", "content_type": 10, "codename": "delete_readnum"}}, {"model": "auth.permission", "pk": 40, "fields": {"name": "Can view read num", "content_type": 10, "codename": "view_readnum"}}, {"model": "auth.user", "pk": 1, "fields": {"password": "pbkdf2_sha256$150000$dEbIaTldaGnN$m0GsWYQ0yZ3DkNV64aePpue2/Xe9PIXyJT1B2gt0qTw=", "last_login": "2019-05-01T03:32:37.783Z", "is_superuser": true, "username": "aragaki", "first_name": "", "last_name": "", "email": "", "is_staff": true, "is_active": true, "date_joined": "2019-04-22T07:10:56.526Z", "groups": [], "user_permissions": []}}, {"model": "blog.blog", "pk": 1, "fields": {"title": "\u4e2a\u4eba\u535a\u5ba2", "blog_type": 1, "content": "\u5b66\u4e60", "author": 1, "create_time": "2019-04-22T07:35:44.569Z", "last_updated_time": "2019-04-22T07:35:44.569Z"}}, {"model": "blog.blog", "pk": 2, "fields": {"title": "\u7b2c\u4e8c\u7bc7\u535a\u5ba2", "blog_type": 3, "content": "2333", "author": 1, "create_time": "2019-04-22T09:14:13.593Z", "last_updated_time": "2019-04-22T09:14:13.593Z"}}, {"model": "blog.blog", "pk": 5, "fields": {"title": "Java\u5e76\u53d1\u6982\u8981", "blog_type": 2, "content": "1. ExecutorServer\u662f\u4e00\u4e2a\u6bd4Executor\u4f7f\u7528\u66f4\u5e7f\u6cdb\u7684\u5b50\u7c7b\u63a5\u53e3\u3002Executor\u63d0\u4f9b\u4e86\u4e00\u7cfb\u5217\u9759\u6001\u5de5\u5382\u65b9\u6cd5\u7528\u4e8e\u521b\u5efa\u5404\u79cd\u7ebf\u7a0b\u6c60\u3002\u6709newFixedThreadPool();newSingleThreadExecutor();newScheduledThreadPool();newCacheThreadPool();\r\n2. \u7ebf\u7a0b\u7684\u521b\u5efa\u65b9\u5f0fnew Thread()\uff0c\u5b9e\u73b0 Runnable \u548c Callable \u63a5\u53e3\u7684\u7c7b\u53ea\u80fd\u5f53\u505a\u4e00\u4e2a\u53ef\u4ee5\u5728\u7ebf\u7a0b\u4e2d\u8fd0\u884c\u7684\u4efb\u52a1\uff0c\u4e0d\u662f\u771f\u6b63\u610f\u4e49\u4e0a\u7684\u7ebf\u7a0b\uff0c\u56e0\u6b64\u6700\u540e\u8fd8\u9700\u8981\u901a\u8fc7 Thread \u6765\u8c03\u7528\u3002\u53ef\u4ee5\u8bf4\u4efb\u52a1\u662f\u901a\u8fc7\u7ebf\u7a0b\u9a71\u52a8\u4ece\u800c\u6267\u884c\u7684\u3002\r\n3. \u7ebf\u7a0b\u7684\u72b6\u6001\u548c\u884c\u4e3a\u3002\u72b6\u6001\uff1a\u963b\u585e\u548c\u7b49\u5f85; \u884c\u4e3a\uff1a\u7761\u7720\u548c\u6302\u8d77; \u4ed6\u4eec\u5982\u4f55\u5b9e\u73b0\u7684\uff1f\r\n4. \u4e2d\u65ad\u64cd\u4f5c\r\n5. \u4e92\u65a5\u540c\u6b65\uff0cjvm\u7684synchronized\u662f\u5173\u952e\u5b57\uff0c\u540c\u6b65\u4ee3\u7801\u5757\uff0c\u65b9\u6cd5\uff0c\u7c7b\uff0c\u9759\u6001\u65b9\u6cd5;\uff08\u540c\u6b65\u7684\u5bf9\u8c61\u8981\u533a\u5206\uff09\r\n6. jdk\u7684ReentrantLock\uff0c\u5f53\u6709\u5927\u91cf\u7ebf\u7a0b\u53d1\u9001\u7ade\u4e89\uff0c\u6216\u9700\u8981\u591a\u4e2a\u7ebf\u7a0b\u540c\u65f6\u8fdb\u884c\u8bfb\u64cd\u4f5c\u7684\u65f6\u5019\u9002\u5408\u4f7f\u7528\u3002\r\n7. \u7ebf\u7a0b\u95f4\u7684\u534f\u4f5c\u3002\u901a\u5e38\u4f7f\u7528Lock.condition\u5bf9\u8c61,await(),signal();\u9700\u8981\u5728lock\u548cunlock\u4e4b\u95f4\u4f7f\u7528\u3002\r\n8. J.U.C\u4e2d\u7684CountdownLatch\uff0cCyclicBarrier\uff0c Semphore\r\n9. J.U.C\u5176\u4ed6\u7ec4\u4ef6\r\n10. FutureTask\uff1b\u5b9e\u73b0RunnableFuture\u63a5\u53e3\uff0c\u800cRunnableFuture\u63a5\u53e3\u7ee7\u627f\u4e86Runnable\uff0c\u548cFuture\u63a5\u53e3\uff0c\u6240\u4ee5FutureTask\u65e2\u53ef\u4ee5\u5f53\u4f5c\u4e00\u4e2a\u4efb\u52a1\u6267\u884c\u4e5f\u53ef\u4ee5\u83b7\u53d6\u8fd4\u56de\u503c\u3002\u9002\u7528\u5728\u4efb\u52a1\u9700\u8981\u5f88\u957f\u65f6\u95f4\u53bb\u6267\u884c\uff0c\u53ef\u4ee5\u5148\u6267\u884c\u4e3b\u7ebf\u7a0b\u5f97\u4efb\u52a1\uff0c\u6700\u540e\u8c03\u7528\u8fd4\u56de\u7ed3\u679c\u3002\r\n11. BlockingQueue\uff0c\u963b\u585e\u961f\u5217\uff1aFIFO\u961f\u5217\uff0c\u4f18\u5148\u7ea7\u961f\u5217\u3002take\uff08\uff09\uff0cput\uff08\uff09\u53ef\u5b9e\u73b0\u6d88\u8d39\u8005\u548c\u751f\u4ea7\u8005\u961f\u5217\u3002\r\n12. ForkJoin\u6846\u67b6\u4e0e\u4f20\u7edf\u7ebf\u7a0b\u6c60\u7684\u533a\u522b\uff1b\u4e3b\u8981\u7528\u4e8e\u5e76\u884c\u8ba1\u7b97\uff0c\u548cMapReduce\u539f\u7406\u7c7b\u4f3c\uff0c\u628a\u5927\u7684\u8ba1\u7b97\u4efb\u52a1\u5206\u6210\u591a\u4e2a\u5c0f\u7684\u4efb\u52a1\u8ba1\u7b97\u3002\u76f8\u5bf9\u4e8e\u4e00\u822c\u7684\u7ebf\u7a0b\u6c60\u5b9e\u73b0,fork/join\u6846\u67b6\u7684\u4f18\u52bf\u4f53\u73b0\u5728\u5bf9\u5176\u4e2d\u5305\u542b\u7684\u4efb\u52a1\u7684\u5904\u7406\u65b9\u5f0f\u4e0a.\u5728\u4e00\u822c\u7684\u7ebf\u7a0b\u6c60\u4e2d,\u5982\u679c\u4e00\u4e2a\u7ebf\u7a0b\u6b63\u5728\u6267\u884c\u7684\u4efb\u52a1\u7531\u4e8e\u67d0\u4e9b\u539f\u56e0\u65e0\u6cd5\u7ee7\u7eed\u8fd0\u884c,\u90a3\u4e48\u8be5\u7ebf\u7a0b\u4f1a\u5904\u4e8e\u7b49\u5f85\u72b6\u6001.\u800c\u5728fork/join\u6846\u67b6\u5b9e\u73b0\u4e2d,\u5982\u679c\u67d0\u4e2a\u5b50\u95ee\u9898\u7531\u4e8e\u7b49\u5f85\u53e6\u5916\u4e00\u4e2a\u5b50\u95ee\u9898\u7684\u5b8c\u6210\u800c\u65e0\u6cd5\u7ee7\u7eed\u8fd0\u884c.\u90a3\u4e48\u5904\u7406\u8be5\u5b50\u95ee\u9898\u7684\u7ebf\u7a0b\u4f1a\u4e3b\u52a8\u5bfb\u627e\u5176\u4ed6\u5c1a\u672a\u8fd0\u884c\u7684\u5b50\u95ee\u9898\u6765\u6267\u884c.\u8fd9\u79cd\u65b9\u5f0f\u51cf\u5c11\u4e86\u7ebf\u7a0b\u7684\u7b49\u5f85\u65f6\u95f4,\u63d0\u9ad8\u4e86\u6027\u80fd\r\n13. java\u5185\u5b58\u6a21\u578b\r\n14. \u7ebf\u7a0b\u5b89\u5168\r\n15. \u9501\u4f18\u5316\uff1b\u4e3b\u8981\u6307\u7684\u662fJVM\u7684synchronized\u7684\u4f18\u5316\r\n16. \u81ea\u65cb\u9501\uff1b\r\n17. \u8f7b\u91cf\u9501\r\n18. \u7c97\u5316\u9501\r\n19. \u9501\u6d88\u9664\r\n20. \u504f\u5411\u9501", "author": 1, "create_time": "2019-05-01T03:34:19.795Z", "last_updated_time": "2019-05-02T14:15:54.554Z"}}, {"model": "blog.blog", "pk": 6, "fields": {"title": "shell\u4e0b\u7684\u7b2c\u4e00\u7bc7", "blog_type": 1, "content": "xxxxx", "author": 1, "create_time": "2019-05-01T07:48:00.281Z", "last_updated_time": "2019-05-01T07:48:00.281Z"}}, {"model": "blog.blog", "pk": 7, "fields": {"title": "for 1", "blog_type": 1, "content": "xxxx:1", "author": 1, "create_time": "2019-05-01T07:54:39.640Z", "last_updated_time": "2019-05-01T07:54:39.640Z"}}, {"model": "blog.blog", "pk": 8, "fields": {"title": "for 2", "blog_type": 1, "content": "xxxx:2", "author": 1, "create_time": "2019-05-01T07:54:39.646Z", "last_updated_time": "2019-05-01T07:54:39.646Z"}}, {"model": "blog.blog", "pk": 9, "fields": {"title": "for 3", "blog_type": 1, "content": "xxxx:3", "author": 1, "create_time": "2019-05-01T07:54:39.652Z", "last_updated_time": "2019-05-01T07:54:39.652Z"}}, {"model": "blog.blog", "pk": 10, "fields": {"title": "for 4", "blog_type": 1, "content": "xxxx:4", "author": 1, "create_time": "2019-05-01T07:54:39.658Z", "last_updated_time": "2019-05-01T07:54:39.658Z"}}, {"model": "blog.blog", "pk": 11, "fields": {"title": "for 5", "blog_type": 1, "content": "xxxx:5", "author": 1, "create_time": "2019-05-01T07:54:39.664Z", "last_updated_time": "2019-05-01T07:54:39.664Z"}}, {"model": "blog.blog", "pk": 12, "fields": {"title": "for 6", "blog_type": 1, "content": "xxxx:6", "author": 1, "create_time": "2019-05-01T07:54:39.670Z", "last_updated_time": "2019-05-01T07:54:39.670Z"}}, {"model": "blog.blog", "pk": 13, "fields": {"title": "for 7", "blog_type": 1, "content": "xxxx:7", "author": 1, "create_time": "2019-05-01T07:54:39.676Z", "last_updated_time": "2019-05-01T07:54:39.676Z"}}, {"model": "blog.blog", "pk": 14, "fields": {"title": "for 8", "blog_type": 1, "content": "xxxx:8", "author": 1, "create_time": "2019-05-01T07:54:39.682Z", "last_updated_time": "2019-05-01T07:54:39.682Z"}}, {"model": "blog.blog", "pk": 15, "fields": {"title": "for 9", "blog_type": 1, "content": "xxxx:9", "author": 1, "create_time": "2019-05-01T07:54:39.688Z", "last_updated_time": "2019-05-01T07:54:39.688Z"}}, {"model": "blog.blog", "pk": 16, "fields": {"title": "for 10", "blog_type": 1, "content": "xxxx:10", "author": 1, "create_time": "2019-05-01T07:54:39.693Z", "last_updated_time": "2019-05-01T07:54:39.693Z"}}, {"model": "blog.blog", "pk": 17, "fields": {"title": "for 11", "blog_type": 1, "content": "xxxx:11", "author": 1, "create_time": "2019-05-01T07:54:39.699Z", "last_updated_time": "2019-05-01T07:54:39.699Z"}}, {"model": "blog.blog", "pk": 18, "fields": {"title": "for 12", "blog_type": 1, "content": "xxxx:12", "author": 1, "create_time": "2019-05-01T07:54:39.704Z", "last_updated_time": "2019-05-01T07:54:39.704Z"}}, {"model": "blog.blog", "pk": 19, "fields": {"title": "for 13", "blog_type": 1, "content": "xxxx:13", "author": 1, "create_time": "2019-05-01T07:54:39.710Z", "last_updated_time": "2019-05-01T07:54:39.710Z"}}, {"model": "blog.blog", "pk": 20, "fields": {"title": "for 14", "blog_type": 1, "content": "xxxx:14", "author": 1, "create_time": "2019-05-01T07:54:39.718Z", "last_updated_time": "2019-05-01T07:54:39.718Z"}}, {"model": "blog.blog", "pk": 21, "fields": {"title": "for 15", "blog_type": 1, "content": "xxxx:15", "author": 1, "create_time": "2019-05-01T07:54:39.726Z", "last_updated_time": "2019-05-01T07:54:39.727Z"}}, {"model": "blog.blog", "pk": 22, "fields": {"title": "for 16", "blog_type": 1, "content": "xxxx:16", "author": 1, "create_time": "2019-05-01T07:54:39.732Z", "last_updated_time": "2019-05-01T07:54:39.732Z"}}, {"model": "blog.blog", "pk": 23, "fields": {"title": "for 17", "blog_type": 1, "content": "xxxx:17", "author": 1, "create_time": "2019-05-01T07:54:39.738Z", "last_updated_time": "2019-05-01T07:54:39.738Z"}}, {"model": "blog.blog", "pk": 24, "fields": {"title": "for 18", "blog_type": 1, "content": "xxxx:18", "author": 1, "create_time": "2019-05-01T07:54:39.743Z", "last_updated_time": "2019-05-01T07:54:39.743Z"}}, {"model": "blog.blog", "pk": 25, "fields": {"title": "for 19", "blog_type": 1, "content": "xxxx:19", "author": 1, "create_time": "2019-05-01T07:54:39.749Z", "last_updated_time": "2019-05-01T07:54:39.749Z"}}, {"model": "blog.blog", "pk": 26, "fields": {"title": "for 20", "blog_type": 1, "content": "xxxx:20", "author": 1, "create_time": "2019-05-01T07:54:39.755Z", "last_updated_time": "2019-05-01T07:54:39.755Z"}}, {"model": "blog.blog", "pk": 27, "fields": {"title": "for 21", "blog_type": 1, "content": "xxxx:21", "author": 1, "create_time": "2019-05-01T07:54:39.761Z", "last_updated_time": "2019-05-01T07:54:39.762Z"}}, {"model": "blog.blog", "pk": 28, "fields": {"title": "for 22", "blog_type": 1, "content": "xxxx:22", "author": 1, "create_time": "2019-05-01T07:54:39.767Z", "last_updated_time": "2019-05-01T07:54:39.767Z"}}, {"model": "blog.blog", "pk": 29, "fields": {"title": "for 23", "blog_type": 1, "content": "xxxx:23", "author": 1, "create_time": "2019-05-01T07:54:39.773Z", "last_updated_time": "2019-05-01T07:54:39.773Z"}}, {"model": "blog.blog", "pk": 30, "fields": {"title": "for 24", "blog_type": 1, "content": "xxxx:24", "author": 1, "create_time": "2019-05-01T07:54:39.779Z", "last_updated_time": "2019-05-01T07:54:39.779Z"}}, {"model": "blog.blog", "pk": 31, "fields": {"title": "for 25", "blog_type": 1, "content": "xxxx:25", "author": 1, "create_time": "2019-05-01T07:54:39.785Z", "last_updated_time": "2019-05-01T07:54:39.785Z"}}, {"model": "blog.blog", "pk": 32, "fields": {"title": "for 26", "blog_type": 1, "content": "xxxx:26", "author": 1, "create_time": "2019-05-01T07:54:39.791Z", "last_updated_time": "2019-05-01T07:54:39.791Z"}}, {"model": "blog.blog", "pk": 33, "fields": {"title": "for 27", "blog_type": 1, "content": "xxxx:27", "author": 1, "create_time": "2019-05-01T07:54:39.798Z", "last_updated_time": "2019-05-01T07:54:39.798Z"}}, {"model": "blog.blog", "pk": 34, "fields": {"title": "for 28", "blog_type": 1, "content": "xxxx:28", "author": 1, "create_time": "2019-05-01T07:54:39.803Z", "last_updated_time": "2019-05-01T07:54:39.803Z"}}, {"model": "blog.blog", "pk": 35, "fields": {"title": "for 29", "blog_type": 1, "content": "xxxx:29", "author": 1, "create_time": "2019-05-01T07:54:39.809Z", "last_updated_time": "2019-05-01T07:54:39.809Z"}}, {"model": "blog.blog", "pk": 36, "fields": {"title": "for 30", "blog_type": 1, "content": "xxxx:30", "author": 1, "create_time": "2019-05-01T07:54:39.815Z", "last_updated_time": "2019-05-01T07:54:39.815Z"}}, {"model": "blog.blog", "pk": 37, "fields": {"title": "markdown\u6d4b\u8bd5", "blog_type": 3, "content": "# \u4e00\u7ea7\u6807\u9898\r\n\r\n## \u4e8c\u7ea7\u6807\u9898\r\n\r\n### \u4e09\u7ea7\u6807\u9898\r\n\r\n- \u5217\u8868\u98791\r\n- \u5217\u8868\u98792\r\n- \u5217\u8868\u98793\r\n\r\n> \u8fd9\u662f\u4e00\u6bb5\u5f15\u7528\r\n\r\n```python\r\ndef detail(request, pk):\r\n    \t\t\tpost = get_object_or_404(Post, pk=pk)\r\n\t\t\t\tpost.body = markdown.markdown(post.body,\r\n                                  extensions=[\r\n                                      'markdown.extensions.extra',\r\n                                      'markdown.extensions.codehilite',\r\n                                      'markdown.extensions.toc',\r\n                                  ])\r\n\t\t\t\treturn render(request, 'blog/detail.html', context={'post': post})\r\n```", "author": 1, "create_time": "2019-05-03T05:18:17.535Z", "last_updated_time": "2019-05-03T05:49:20.049Z"}}, {"model": "admin.logentry", "pk": 1, "fields": {"action_time": "2019-04-22T07:30:52.536Z", "user": 1, "content_type": 7, "object_id": "1", "object_repr": "Django", "action_flag": 1, "change_message": "[{\"added\": {}}]"}}, {"model": "admin.logentry", "pk": 2, "fields": {"action_time": "2019-04-22T07:35:03.441Z", "user": 1, "content_type": 7, "object_id": "2", "object_repr": "Java\u5e76\u53d1", "action_flag": 1, "change_message": "[{\"added\": {}}]"}}, {"model": "admin.logentry", "pk": 3, "fields": {"action_time": "2019-04-22T07:35:44.570Z", "user": 1, "content_type": 8, "object_id": "1", "object_repr": "<Blog: \u4e2a\u4eba\u535a\u5ba2>", "action_flag": 1, "change_message": "[{\"added\": {}}]"}}, {"model": "admin.logentry", "pk": 4, "fields": {"action_time": "2019-04-22T09:14:08.599Z", "user": 1, "content_type": 7, "object_id": "3", "object_repr": "\u968f\u7b14", "action_flag": 1, "change_message": "[{\"added\": {}}]"}}, {"model": "admin.logentry", "pk": 5, "fields": {"action_time": "2019-04-22T09:14:13.594Z", "user": 1, "content_type": 8, "object_id": "2", "object_repr": "<Blog: \u7b2c\u4e8c\u7bc7\u535a\u5ba2>", "action_flag": 1, "change_message": "[{\"added\": {}}]"}}, {"model": "admin.logentry", "pk": 6, "fields": {"action_time": "2019-04-22T09:51:40.748Z", "user": 1, "content_type": 8, "object_id": "3", "object_repr": "<Blog: fdjskal>", "action_flag": 1, "change_message": "[{\"added\": {}}]"}}, {"model": "admin.logentry", "pk": 7, "fields": {"action_time": "2019-04-22T09:51:48.790Z", "user": 1, "content_type": 8, "object_id": "4", "object_repr": "<Blog: fdafda>", "action_flag": 1, "change_message": "[{\"added\": {}}]"}}, {"model": "admin.logentry", "pk": 8, "fields": {"action_time": "2019-04-22T10:01:40.707Z", "user": 1, "content_type": 8, "object_id": "4", "object_repr": "<Blog: fdafda>", "action_flag": 3, "change_message": ""}}, {"model": "admin.logentry", "pk": 9, "fields": {"action_time": "2019-04-22T10:01:40.713Z", "user": 1, "content_type": 8, "object_id": "3", "object_repr": "<Blog: fdjskal>", "action_flag": 3, "change_message": ""}}, {"model": "admin.logentry", "pk": 10, "fields": {"action_time": "2019-05-01T03:34:19.795Z", "user": 1, "content_type": 8, "object_id": "5", "object_repr": "<Blog: Java\u5e76\u53d1\u6982\u8981>", "action_flag": 1, "change_message": "[{\"added\": {}}]"}}, {"model": "admin.logentry", "pk": 11, "fields": {"action_time": "2019-05-02T14:15:54.556Z", "user": 1, "content_type": 8, "object_id": "5", "object_repr": "<Blog: Java\u5e76\u53d1\u6982\u8981>", "action_flag": 2, "change_message": "[{\"changed\": {\"fields\": [\"content\"]}}]"}}, {"model": "admin.logentry", "pk": 12, "fields": {"action_time": "2019-05-03T05:18:17.535Z", "user": 1, "content_type": 8, "object_id": "37", "object_repr": "<Blog: markdown\u6d4b\u8bd5>", "action_flag": 1, "change_message": "[{\"added\": {}}]"}}, {"model": "admin.logentry", "pk": 13, "fields": {"action_time": "2019-05-03T05:26:02.498Z", "user": 1, "content_type": 8, "object_id": "37", "object_repr": "<Blog: markdown\u6d4b\u8bd5>", "action_flag": 2, "change_message": "[]"}}, {"model": "admin.logentry", "pk": 14, "fields": {"action_time": "2019-05-03T05:48:35.454Z", "user": 1, "content_type": 8, "object_id": "37", "object_repr": "<Blog: markdown\u6d4b\u8bd5>", "action_flag": 2, "change_message": "[{\"changed\": {\"fields\": [\"content\"]}}]"}}, {"model": "admin.logentry", "pk": 15, "fields": {"action_time": "2019-05-03T05:49:20.050Z", "user": 1, "content_type": 8, "object_id": "37", "object_repr": "<Blog: markdown\u6d4b\u8bd5>", "action_flag": 2, "change_message": "[{\"changed\": {\"fields\": [\"content\"]}}]"}}]